MANDT,LIFNR,LAND1,NAME1,NAME2,ORT01,PSTLZ,REGIO,SORTL,STRAS,TELF1,TELFX,ERDAT,ERNAM,KTOKK,SPRAS,LOEVM,SPERR,STCD1
100,0000050000,CL,Servicios Rivas Ltda,,Calama,5198320,VA,SERVICIOS ,Av. Cecilia Sáez 7493 Of. 999,+56 9 6102 4455,,20230101,SAP_MIG,0001,S,,,67787649-8
100,0000050001,CL,Tecnologías Torres Ltda,,Calama,2961200,RM,TECNOLOGÍA,Manuel Olivares 2545,+56 2 2822 9014,,20230101,SAP_MIG,0001,S,,,86191547-3
100,0000050002,CL,Maestranza Ponce Ltda,,Copiapó,7976430,RM,MAESTRANZA,Gabriela Mistral 5978,+56 2 2536 9003,,20230101,SAP_MIG,0001,S,,,79400398-8
100,0000050003,CL,Servicios Saldías Ltda,,Calama,2445100,AN,SERVICIOS ,Diego Barros Arana 938 Of. 751,+56 32 377 1596,,20230101,SAP_MIG,0001,S,,,65079183-1
100,0000050004,CL,Maestranza Pereira Ltda,,Valparaíso,6416050,AN,MAESTRANZA,Gabriela Alfaro 461,+56 67 366 8164,,20230101,SAP_MIG,0001,S,,,87173044-3
100,0000050005,CL,Tecnologías Espinoza Ltda,,Antofagasta,2181880,AT,TECNOLOGÍA,Gabriela Mistral 3,+56 2 3312 4329,,20230101,SAP_MIG,0001,S,,,54764265-K
100,0000050006,CL,Ingeniería Cisternas Ltda,,Antofagasta,1277990,AT,INGENIERÍA,Lucía De La Fuente 2527 Piso 57,+56 9 2158 1477,,20230101,SAP_MIG,0001,S,,,52108087-5
100,0000050007,CL,Ingeniería Rojas Ltda,,Calama,4119980,VA,INGENIERÍA,Las Lilas 407 Piso 99,+56 2 3307 1518,,20230101,SAP_MIG,0001,S,,,68688292-K
100,0000050008,CL,Servicios Muñoz Ltda,,Valparaíso,7788920,AT,SERVICIOS ,Los Copihues 159 Of. 651,+56 9 8344 9251,,20230101,SAP_MIG,0001,S,,,58879297-9
100,0000050009,CL,Tecnologías Águila Ltda,,Calama,4629140,RM,TECNOLOGÍA,Lautaro 781 Of. 6503,+56 2 3257 3322,,20230101,SAP_MIG,0001,S,,,81740676-6
100,0000050010,CL,Transportes Gómez Ltda,,Antofagasta,1888050,AN,TRANSPORTE,Marta Martínez 39,+56 800 506 537,,20230101,SAP_MIG,0001,S,,,94223583-6
100,0000050011,CL,Maestranza Leal Ltda,,Santiago,7383470,RM,MAESTRANZA,Caupolicán 577,+56 64 338 6239,,20230101,SAP_MIG,0001,S,,,81341494-0
100,0000050012,CL,Ingeniería Cea Ltda,,Santiago,0758180,AN,INGENIERÍA,Calle Los Abedules 2826,+56 2 3975 0606,,20230101,SAP_MIG,0001,S,,,98869586-5
100,0000050013,CL,Ingeniería Miranda Ltda,,Calama,6153050,AT,INGENIERÍA,Lautaro 8472,+56 71 330 1043,,20230101,SAP_MIG,0001,S,,,62764703-8
100,0000050014,CL,Servicios Guerrero Ltda,,Santiago,9861430,AT,SERVICIOS ,Calle Bulnes 1798 Of. 489,+56 58 270 9539,,20230101,SAP_MIG,0001,S,,,62313673-4
100,0000050015,CL,Servicios Flores Ltda,,Antofagasta,1851880,AT,SERVICIOS ,Manuel Baquedano 154,+56 34 235 3195,,20230101,SAP_MIG,0001,S,,,79738000-8
100,0000050016,CL,Ingeniería Muñoz Ltda,,Valparaíso,8527720,AN,INGENIERÍA,Avda. Manuel Rodríguez 6030,+56 64 246 8740,,20230101,SAP_MIG,0001,S,,,50990382-1
100,0000050017,CL,Transportes Fernández Ltda,,Santiago,0541560,AT,TRANSPORTE,Los Calafates 6277 Of. 741,+56 71 322 8451,,20230101,SAP_MIG,0001,S,,,82590824-7
100,0000050018,CL,Transportes Carrasco Ltda,,Santiago,4479620,ML,TRANSPORTE,Los Aromos 75 Piso 0,+56 800 858 202,,20230101,SAP_MIG,0001,S,,,53934955-2
100,0000050019,CL,Servicios Muñoz Ltda,,Santiago,1355690,AN,SERVICIOS ,Carolina Peña 371,+56 9 7365 4310,,20230101,SAP_MIG,0001,S,,,67797475-7
100,0000050020,CL,Maestranza Vidal Ltda,,Valparaíso,6814470,RM,MAESTRANZA,Juana Águila 212,+56 42 397 1551,,20230101,SAP_MIG,0001,S,,,94417431-7
100,0000050021,CL,Transportes Sanhueza Ltda,,Copiapó,4225830,AT,TRANSPORTE,Avda. Constanza Medina 895,+56 9 4991 1467,,20230101,SAP_MIG,0001,S,,,64609659-0
100,0000050022,CL,Tecnologías Salazar Ltda,,Valparaíso,6912510,BI,TECNOLOGÍA,Las Maravillas 328 Dpto. 68,+56 9 4942 2535,,20230101,SAP_MIG,0001,S,,,54090793-5
100,0000050023,CL,Ingeniería Matamala Ltda,,Valparaíso,1438420,AN,INGENIERÍA,Nancy Cárdenas 6922 Of. 200,+56 800 839 690,,20230101,SAP_MIG,0001,S,,,81996735-8
100,0000050024,CL,Tecnologías Varela Ltda,,Antofagasta,8447360,AT,TECNOLOGÍA,Los Piñones 727 Piso 7,+56 71 232 5556,,20230101,SAP_MIG,0001,S,,,84079793-1
100,0000050025,CL,Transportes Vallejos Ltda,,Valparaíso,8815370,AN,TRANSPORTE,Calle Los Higos 7469,+56 2 3825 9532,,20230101,SAP_MIG,0001,S,,,54560776-K
100,0000050026,CL,Transportes Olmedo Ltda,,Antofagasta,7747010,RM,TRANSPORTE,Vicente Gutiérrez 500 Piso 59,+56 9 2616 2456,,20230101,SAP_MIG,0001,S,,,88230269-3
100,0000050027,CL,Tecnologías Muñoz Ltda,,Antofagasta,0983580,VA,TECNOLOGÍA,Calle Manuel Montt 29 Dpto. 6316,+56 2 3198 6800,,20230101,SAP_MIG,0001,S,,,91565989-1
100,0000050028,CL,Servicios López Ltda,,Valparaíso,5787290,BI,SERVICIOS ,Los Copihues 6694,+56 9 9294 7055,,20230101,SAP_MIG,0001,S,,,87931736-8
100,0000050029,CL,Maestranza Olmos Ltda,,Calama,9409740,CO,MAESTRANZA,Calle Esmeralda 396,+56 600 809 130,,20230101,SAP_MIG,0001,S,,,94944549-5
100,0000050030,CL,Transportes Herrera Ltda,,Santiago,2636890,CO,TRANSPORTE,Avda. Los Aromos 778 Piso 92,+56 65 245 4973,,20230101,SAP_MIG,0001,S,,,58783092-K
100,0000050031,CL,Maestranza Vásquez Ltda,,Copiapó,4344370,RM,MAESTRANZA,Los Coihues 244 Of. 7863,+56 33 284 1574,,20230101,SAP_MIG,0001,S,,,54868286-0
100,0000050032,CL,Servicios Castillo Ltda,,Valparaíso,8484210,VA,SERVICIOS ,Calle Hortensia Araya 8165,+56 2 2820 8267,,20230101,SAP_MIG,0001,S,,,56709628-1
100,0000050033,CL,Tecnologías Lara Ltda,,Valparaíso,4540190,AT,TECNOLOGÍA,Franco Monsalve 1262,+56 63 322 4004,,20230101,SAP_MIG,0001,S,,,67797298-2
100,0000050034,CL,Maestranza Escalona Ltda,,Calama,5478870,AN,MAESTRANZA,Fernando Ramírez 3274,+56 2 2754 9329,,20230101,SAP_MIG,0001,S,,,74798543-4
100,0000050035,CL,Transportes Tobar Ltda,,Valparaíso,8516120,RM,TRANSPORTE,Los Pinos 50,+56 45 317 4549,,20230101,SAP_MIG,0001,S,,,97213765-4
100,0000050036,CL,Tecnologías Vargas Ltda,,Valparaíso,5301740,ML,TECNOLOGÍA,Santa Rosa 445,+56 2 3727 2795,,20230101,SAP_MIG,0001,S,,,50524999-K
100,0000050037,CL,Tecnologías Becerra Ltda,,Antofagasta,7833910,CO,TECNOLOGÍA,Ramón Pérez 908 Dpto. 98,+56 64 227 1397,,20230101,SAP_MIG,0001,S,,,59012124-4
100,0000050038,CL,Ingeniería Valderrama Ltda,,Valparaíso,7072860,AN,INGENIERÍA,María Henríquez 70 Piso 0,+56 9 3206 5180,,20230101,SAP_MIG,0001,S,,,60431932-4
100,0000050039,CL,Maestranza Astete Ltda,,Calama,7046220,VA,MAESTRANZA,Los Copihues 266 Of. 682,+56 2 3186 8230,,20230101,SAP_MIG,0001,S,,,98158138-5
100,0000050040,CL,Transportes Fonseca Ltda,,Copiapó,7868630,BI,TRANSPORTE,Los Coihues 7310,+56 9 2833 1190,,20230101,SAP_MIG,0001,S,,,83917427-7
100,0000050041,CL,Maestranza Arriagada Ltda,,Antofagasta,0306730,ML,MAESTRANZA,Calle Los Copihues 6959,+56 2 3542 8364,,20230101,SAP_MIG,0001,S,,,56194045-K
100,0000050042,CL,Servicios Rojas Ltda,,Copiapó,9268700,ML,SERVICIOS ,Lynch 562 Piso 42,+56 2 3742 7086,,20230101,SAP_MIG,0001,S,,,52958612-0
100,0000050043,CL,Maestranza Sáez Ltda,,Calama,2634350,ML,MAESTRANZA,Las Mosquetas 183,+56 57 299 9013,,20230101,SAP_MIG,0001,S,,,92755954-4
100,0000050044,CL,Transportes Espinoza Ltda,,Santiago,3540330,BI,TRANSPORTE,Los Palmitos 436,+56 9 7546 7854,,20230101,SAP_MIG,0001,S,,,87022646-6
100,0000050045,CL,Tecnologías Figueroa Ltda,,Antofagasta,7717530,AN,TECNOLOGÍA,Gabriela Mistral 132 Piso 58,+56 2 3835 3693,,20230101,SAP_MIG,0001,S,,,55049529-2
100,0000050046,CL,Tecnologías Ramos Ltda,,Copiapó,5477720,AN,TECNOLOGÍA,Calle Joaquín Flores 90 Dpto. 310,+56 600 812 038,,20230101,SAP_MIG,0001,S,,,89091555-8
100,0000050047,CL,Transportes Miranda Ltda,,Calama,9977000,RM,TRANSPORTE,Calle Caupolicán 940 Of. 262,+56 9 4533 9845,,20230101,SAP_MIG,0001,S,,,52807087-4
100,0000050048,CL,Maestranza Vilches Ltda,,Antofagasta,1567930,ML,MAESTRANZA,Avenida Las Mosquetas 7016,+56 65 387 0021,,20230101,SAP_MIG,0001,S,,,74012171-3
100,0000050049,CL,Transportes Marchant Ltda,,Antofagasta,5918030,BI,TRANSPORTE,Josefa Muñoz 1489,+56 2 3250 3926,,20230101,SAP_MIG,0001,S,,,73734971-8
100,0000050050,CL,Servicios Gómez Ltda,,Calama,9396850,VA,SERVICIOS ,Avda. Alonso Pérez 15 Dpto. 763,+56 32 294 7735,,20230101,SAP_MIG,0001,S,,,65887173-2
100,0000050051,CL,Transportes Fredes Ltda,,Antofagasta,6296190,RM,TRANSPORTE,Avda. María Sepúlveda 72 Piso 5,+56 2 2304 7541,,20230101,SAP_MIG,0001,S,,,62036690-5
100,0000050052,CL,Servicios Pérez Ltda,,Calama,6788860,ML,SERVICIOS ,Calle Las Rosas 156,+56 58 296 1839,,20230101,SAP_MIG,0001,S,,,67905028-2
100,0000050053,CL,Ingeniería Hernández Ltda,,Antofagasta,6224440,RM,INGENIERÍA,Calle Patricio Romero 515 Dpto. 279,+56 2 3640 6596,,20230101,SAP_MIG,0001,S,,,81587472-3
100,0000050054,CL,Transportes Guzmán Ltda,,Santiago,6924590,ML,TRANSPORTE,Los Pinos 8654,+56 9 5456 4651,,20230101,SAP_MIG,0001,S,,,73465179-4
100,0000050055,CL,Transportes Farías Ltda,,Antofagasta,8280730,AT,TRANSPORTE,Av. Los Piñones 86 Dpto. 3743,+56 2 2979 7968,,20230101,SAP_MIG,0001,S,,,94294077-3
100,0000050056,CL,Servicios Aránguiz Ltda,,Copiapó,6805890,CO,SERVICIOS ,Avda. Salvador Allende 7909,+56 58 291 0143,,20230101,SAP_MIG,0001,S,,,54658747-4
100,0000050057,CL,Maestranza Ibarra Ltda,,Valparaíso,8993750,BI,MAESTRANZA,Las Araucarias 682 Dpto. 771,+56 2 2925 4573,,20230101,SAP_MIG,0001,S,,,76821962-K
100,0000050058,CL,Tecnologías Escobar Ltda,,Antofagasta,7177510,CO,TECNOLOGÍA,Av. Arturo Prat 31 Of. 338,+56 65 236 7362,,20230101,SAP_MIG,0001,S,,,57740453-4
100,0000050059,CL,Transportes Delgado Ltda,,Copiapó,6609370,VA,TRANSPORTE,Alonso de Ercilla 9191 Dpto. 255,+56 73 277 8596,,20230101,SAP_MIG,0001,S,,,52567397-1
100,0000050060,CL,Tecnologías Toledo Ltda,,Copiapó,5579240,RM,TECNOLOGÍA,Calle Víctor Contreras 728,+56 71 382 9662,,20230101,SAP_MIG,0001,S,,,98891831-5
100,0000050061,CL,Servicios Inostroza Ltda,,Valparaíso,2827420,VA,SERVICIOS ,Los Alerces 850,+56 2 3836 8876,,20230101,SAP_MIG,0001,S,,,57760857-6
100,0000050062,CL,Tecnologías Zúñiga Ltda,,Copiapó,7721900,AT,TECNOLOGÍA,Calle Los Palmitos 827,+56 9 3191 4858,,20230101,SAP_MIG,0001,S,,,52978729-6
100,0000050063,CL,Ingeniería Cisternas Ltda,,Valparaíso,7836130,VA,INGENIERÍA,Calle Gabriela Mistral 27 Dpto. 739,+56 9 4533 0958,,20230101,SAP_MIG,0001,S,,,96094202-K
100,0000050064,CL,Transportes San Martín Ltda,,Santiago,2544940,CO,TRANSPORTE,Psje. Segundo Vicencio 3,+56 600 832 536,,20230101,SAP_MIG,0001,S,,,54695862-K
100,0000050065,CL,Maestranza Morales Ltda,,Copiapó,4667110,VA,MAESTRANZA,Samuel Meza 87 Piso 9,+56 600 475 186,,20230101,SAP_MIG,0001,S,,,94519179-1
100,0000050066,CL,Maestranza Santos Ltda,,Copiapó,3745450,VA,MAESTRANZA,Ámbar Zamora 10,+56 2 2170 1277,,20230101,SAP_MIG,0001,S,,,94754425-6
100,0000050067,CL,Maestranza Vejar Ltda,,Copiapó,6324240,RM,MAESTRANZA,Manuel Rodríguez 720,+56 800 436 110,,20230101,SAP_MIG,0001,S,,,87205991-2
100,0000050068,CL,Transportes Aravena Ltda,,Santiago,2938700,RM,TRANSPORTE,Lautaro 7,+56 600 271 361,,20230101,SAP_MIG,0001,S,,,95454037-2
100,0000050069,CL,Tecnologías Rodríguez Ltda,,Copiapó,5426220,VA,TECNOLOGÍA,Marcelo Cornejo 7532,+56 9 9731 1219,,20230101,SAP_MIG,0001,S,,,77251243-8
100,0000050070,CL,Ingeniería Rivera Ltda,,Copiapó,6523410,CO,INGENIERÍA,Julio Moraga 9043,+56 9 5264 0376,,20230101,SAP_MIG,0001,S,,,64105121-6
100,0000050071,CL,Tecnologías Gutiérrez Ltda,,Copiapó,9180550,VA,TECNOLOGÍA,Pedro de Valdivia 227,+56 2 2191 0430,,20230101,SAP_MIG,0001,S,,,81204829-7
100,0000050072,CL,Servicios Pulgar Ltda,,Calama,6848660,BI,SERVICIOS ,Avenida Paula Jaraquemada 4418 Dpto,+56 600 803 161,,20230101,SAP_MIG,0001,S,,,84304306-7
100,0000050073,CL,Transportes Arias Ltda,,Antofagasta,0421020,BI,TRANSPORTE,Calle Diego Lagos 34,+56 41 254 1056,,20230101,SAP_MIG,0001,S,,,69044583-8
100,0000050074,CL,Tecnologías Bustos Ltda,,Antofagasta,4917780,CO,TECNOLOGÍA,Calle Las Rosas 241 Dpto. 80,+56 2 3107 5622,,20230101,SAP_MIG,0001,S,,,65761764-K
100,0000050075,CL,Maestranza Paredes Ltda,,Calama,6353650,AT,MAESTRANZA,Calle Bernardo O'Higgins 2806 Piso ,+56 2 2587 0534,,20230101,SAP_MIG,0001,S,,,59888757-0
100,0000050076,CL,Ingeniería Mancilla Ltda,,Santiago,3759730,AT,INGENIERÍA,Calle Eduardo Reyes 7050,+56 800 813 836,,20230101,SAP_MIG,0001,S,,,91021901-1
100,0000050077,CL,Servicios Barriga Ltda,,Valparaíso,2410380,RM,SERVICIOS ,Los Aromos 29 Of. 226,+56 73 372 3445,,20230101,SAP_MIG,0001,S,,,63048327-6
100,0000050078,CL,Servicios Cruz Ltda,,Calama,5574310,RM,SERVICIOS ,Avda. Guillermo Sepúlveda 2756,+56 9 7237 4741,,20230101,SAP_MIG,0001,S,,,59903345-K
100,0000050079,CL,Ingeniería Martínez Ltda,,Antofagasta,4903520,ML,INGENIERÍA,Psje. Paula Rojas 8206,+56 9 5117 1210,,20230101,SAP_MIG,0001,S,,,78531078-3
100,0000050080,CL,Transportes Avendaño Ltda,,Valparaíso,3236510,ML,TRANSPORTE,Calle Antonio Varas 37 Dpto. 151,+56 2 3796 6706,,20230101,SAP_MIG,0001,S,,,81175415-0
100,0000050081,CL,Tecnologías Hernández Ltda,,Antofagasta,3244720,AT,TECNOLOGÍA,Valeria Valenzuela 1687,+56 2 2446 2638,,20230101,SAP_MIG,0001,S,,,80632634-2
100,0000050082,CL,Servicios Osorio Ltda,,Valparaíso,8065780,BI,SERVICIOS ,Los Alerces 364 Dpto. 59,+56 33 237 8593,,20230101,SAP_MIG,0001,S,,,87508841-9
100,0000050083,CL,Maestranza Rodríguez Ltda,,Santiago,3480390,ML,MAESTRANZA,Los Copihues 3 Dpto. 639,+56 800 899 293,,20230101,SAP_MIG,0001,S,,,91114401-8
100,0000050084,CL,Servicios Sanhueza Ltda,,Valparaíso,2701030,ML,SERVICIOS ,Calle Arturo Prat 33,+56 75 232 5002,,20230101,SAP_MIG,0001,S,,,79924755-2
100,0000050085,CL,Servicios Suárez Ltda,,Copiapó,8515690,RM,SERVICIOS ,Manuel Rodríguez 6267,+56 2 3789 5392,,20230101,SAP_MIG,0001,S,,,66591977-K
100,0000050086,CL,Maestranza Tapia Ltda,,Valparaíso,4220960,ML,MAESTRANZA,Avenida Raimundo Ferreira 3917,+56 44 221 3552,,20230101,SAP_MIG,0001,S,,,82520755-K
100,0000050087,CL,Transportes Maturana Ltda,,Santiago,5704330,CO,TRANSPORTE,Manuel Rodríguez 8006,+56 800 926 765,,20230101,SAP_MIG,0001,S,,,55199819-4
100,0000050088,CL,Transportes Vera Ltda,,Copiapó,7932710,CO,TRANSPORTE,Calle Los Naranjos 2,+56 42 266 2181,,20230101,SAP_MIG,0001,S,,,71455345-8
100,0000050089,CL,Ingeniería Aguilar Ltda,,Calama,9706290,AT,INGENIERÍA,Calle Benjamín Cepeda 588 Of. 444,+56 2 2669 8720,,20230101,SAP_MIG,0001,S,,,65519695-6
100,0000050090,CL,Transportes González Ltda,,Calama,1497310,BI,TRANSPORTE,Calle Sandra Pérez 74,+56 63 364 1862,,20230101,SAP_MIG,0001,S,,,54310325-6
100,0000050091,CL,Servicios Briceño Ltda,,Valparaíso,5270470,CO,SERVICIOS ,Calle Los Naranjos 221 Of. 758,+56 9 2468 6879,,20230101,SAP_MIG,0001,S,,,81267650-6
100,0000050092,CL,Ingeniería Aravena Ltda,,Santiago,1608980,AT,INGENIERÍA,Psje. Manuel Montt 42,+56 2 3320 6163,,20230101,SAP_MIG,0001,S,,,76137346-9
100,0000050093,CL,Ingeniería Urra Ltda,,Valparaíso,4511680,ML,INGENIERÍA,Benjamín Vásquez 909 Piso 31,+56 2 3299 9119,,20230101,SAP_MIG,0001,S,,,75526938-7
100,0000050094,CL,Ingeniería Márquez Ltda,,Copiapó,8564670,CO,INGENIERÍA,Calle Gabriela Mistral 760 Piso 3,+56 800 545 054,,20230101,SAP_MIG,0001,S,,,76171560-6
100,0000050095,CL,Tecnologías Vásquez Ltda,,Valparaíso,7132470,BI,TECNOLOGÍA,Avda. Las Hortensias 437 Piso 17,+56 9 4114 8628,,20230101,SAP_MIG,0001,S,,,90483595-3
100,0000050096,CL,Servicios Torres Ltda,,Copiapó,3030700,AT,SERVICIOS ,Calle Estefanía Yáñez 410 Piso 37,+56 67 328 5524,,20230101,SAP_MIG,0001,S,,,79248457-7
100,0000050097,CL,Ingeniería Fernández Ltda,,Copiapó,6029330,RM,INGENIERÍA,Calle Isabel González 80,+56 2 3529 0349,,20230101,SAP_MIG,0001,S,,,94887348-K
100,0000050098,CL,Servicios Villegas Ltda,,Calama,4665740,BI,SERVICIOS ,Los Robles 296,+56 2 2585 8994,,20230101,SAP_MIG,0001,S,,,81366021-2
100,0000050099,CL,Tecnologías Salgado Ltda,,Antofagasta,7154540,VA,TECNOLOGÍA,Calle Los Girasoles 70 Of. 1525,+56 58 246 6099,,20230101,SAP_MIG,0001,S,,,76442251-9
100,0000050100,CL,Tecnologías Jara Ltda,,Antofagasta,3875840,BI,TECNOLOGÍA,Jorge Soto 6482,+56 600 635 346,,20230101,SAP_MIG,0001,S,,,55633618-K
100,0000050101,CL,Servicios Miranda Ltda,,Santiago,9471700,AT,SERVICIOS ,Los Encinos 568,+56 33 382 2356,,20230101,SAP_MIG,0001,S,,,62195628-0
100,0000050102,CL,Maestranza Morales Ltda,,Copiapó,2175250,RM,MAESTRANZA,Calle Esmeralda 39,+56 34 372 9666,,20230101,SAP_MIG,0001,S,,,64204281-7
100,0000050103,CL,Maestranza Bahamonde Ltda,,Santiago,6008350,CO,MAESTRANZA,Lautaro 400,+56 2 3554 2168,,20230101,SAP_MIG,0001,S,,,68673485-6
100,0000050104,CL,Maestranza Hernández Ltda,,Antofagasta,0447890,ML,MAESTRANZA,Santa Rosa 3753 Piso 0,+56 2 3223 0982,,20230101,SAP_MIG,0001,S,,,81561757-0
100,0000050105,CL,Tecnologías Bravo Ltda,,Copiapó,0648900,AN,TECNOLOGÍA,Avenida Alonso de Ribera 767,+56 2 2584 7230,,20230101,SAP_MIG,0001,S,,,65047294-K
100,0000050106,CL,Ingeniería Romero Ltda,,Antofagasta,1849920,ML,INGENIERÍA,Calle Ramón Carnicer 4173 Piso 8,+56 75 286 4208,,20230101,SAP_MIG,0001,S,,,52082387-3
100,0000050107,CL,Transportes Trujillo Ltda,,Antofagasta,7530010,ML,TRANSPORTE,Miriam Sepúlveda 5811,+56 600 274 470,,20230101,SAP_MIG,0001,S,,,91697130-2
100,0000050108,CL,Transportes Huerta Ltda,,Santiago,0455610,AT,TRANSPORTE,Calle Esmeralda 855,+56 9 6715 5216,,20230101,SAP_MIG,0001,S,,,94926622-1
100,0000050109,CL,Tecnologías Valladares Ltda,,Santiago,4676210,AT,TECNOLOGÍA,Camino Los Alerces 8979,+56 2 3896 5902,,20230101,SAP_MIG,0001,S,,,96940299-4
100,0000050110,CL,Maestranza Gamboa Ltda,,Valparaíso,1670140,AT,MAESTRANZA,Avda. Caupolicán 49 Of. 958,+56 73 393 7562,,20230101,SAP_MIG,0001,S,,,90751689-1
100,0000050111,CL,Transportes Altamirano Ltda,,Antofagasta,9002870,CO,TRANSPORTE,Calle Javier Gutiérrez 1 Of. 7384,+56 2 2877 9717,,20230101,SAP_MIG,0001,S,,,88834875-0
100,0000050112,CL,Maestranza Cortés Ltda,,Santiago,7016600,VA,MAESTRANZA,Avda. Ramón Carnicer 48,+56 800 655 037,,20230101,SAP_MIG,0001,S,,,76619028-3
100,0000050113,CL,Ingeniería Bustamante Ltda,,Calama,9975710,VA,INGENIERÍA,Calle Antonia Ulloa 98,+56 75 271 0272,,20230101,SAP_MIG,0001,S,,,56838480-4
100,0000050114,CL,Tecnologías Rodríguez Ltda,,Antofagasta,9331630,ML,TECNOLOGÍA,Avda. Ana Zúñiga 29 Piso 7,+56 32 388 0869,,20230101,SAP_MIG,0001,S,,,87979090-0
100,0000050115,CL,Maestranza Baez Ltda,,Santiago,2922160,VA,MAESTRANZA,Jesus Olivares 734 Piso 34,+56 2 3969 8485,,20230101,SAP_MIG,0001,S,,,94393945-5
100,0000050116,CL,Ingeniería Ulloa Ltda,,Copiapó,3394520,VA,INGENIERÍA,Joaquín Villarroel 95,+56 67 319 6846,,20230101,SAP_MIG,0001,S,,,50849071-6
100,0000050117,CL,Servicios Bustos Ltda,,Santiago,0620030,AN,SERVICIOS ,Camino Hernán Morales 1438 Piso 7,+56 9 5786 3840,,20230101,SAP_MIG,0001,S,,,74306027-K
100,0000050118,CL,Servicios Vega Ltda,,Calama,5800430,BI,SERVICIOS ,Pasaje Beatriz Pacheco 48 Of. 834,+56 600 122 816,,20230101,SAP_MIG,0001,S,,,79225047-2
100,0000050119,CL,Tecnologías Garrido Ltda,,Copiapó,8422940,BI,TECNOLOGÍA,Los Aromos 30,+56 71 290 9479,,20230101,SAP_MIG,0001,S,,,91333178-8
100,0000050120,CL,Servicios Figueroa Ltda,,Santiago,5832810,RM,SERVICIOS ,Paula Jaraquemada 6335,+56 52 213 9878,,20230101,SAP_MIG,0001,S,,,99058338-9
100,0000050121,CL,Maestranza Contreras Ltda,,Calama,5739930,CO,MAESTRANZA,Gabriela Mistral 71,+56 65 294 0858,,20230101,SAP_MIG,0001,S,,,55815848-4
100,0000050122,CL,Servicios Saavedra Ltda,,Santiago,0435810,AT,SERVICIOS ,Psje. Arturo Palma 733,+56 2 2838 6120,,20230101,SAP_MIG,0001,S,,,88241962-9
100,0000050123,CL,Servicios Pavez Ltda,,Antofagasta,0110240,CO,SERVICIOS ,Catherine Olave 776,+56 32 226 1809,,20230101,SAP_MIG,0001,S,,,83172347-5
100,0000050124,CL,Transportes Riveros Ltda,,Calama,9015810,RM,TRANSPORTE,Avenida Los Robles 77 Piso 30,+56 9 5626 8424,,20230101,SAP_MIG,0001,S,,,73811900-4
100,0000050125,CL,Maestranza Cubillos Ltda,,Valparaíso,0882100,CO,MAESTRANZA,Marisol Alvarado 44,+56 800 336 822,,20230101,SAP_MIG,0001,S,,,97055644-4
100,0000050126,CL,Tecnologías Espinoza Ltda,,Valparaíso,4312900,AN,TECNOLOGÍA,Juan Cifuentes 6397 Piso 2,+56 2 2849 1357,,20230101,SAP_MIG,0001,S,,,62821579-1
100,0000050127,CL,Transportes Carrasco Ltda,,Santiago,4929950,BI,TRANSPORTE,Colo Colo 6364 Dpto. 8557,+56 65 331 2914,,20230101,SAP_MIG,0001,S,,,82787904-8
100,0000050128,CL,Transportes Bahamondes Ltda,,Santiago,3411080,BI,TRANSPORTE,Blanca Manríquez 9084,+56 9 9325 6394,,20230101,SAP_MIG,0001,S,,,93345809-7
100,0000050129,CL,Servicios Cáceres Ltda,,Antofagasta,8165800,ML,SERVICIOS ,Irma Riveros 3229,+56 800 250 373,,20230101,SAP_MIG,0001,S,,,56244704-4
100,0000050130,CL,Transportes Vargas Ltda,,Calama,3038560,RM,TRANSPORTE,Los Laureles 5518 Of. 949,+56 72 356 5918,,20230101,SAP_MIG,0001,S,,,70549138-K
100,0000050131,CL,Tecnologías Vera Ltda,,Santiago,3865570,CO,TECNOLOGÍA,María Cordero 931 Of. 343,+56 2 3259 1365,,20230101,SAP_MIG,0001,S,,,87142941-8
100,0000050132,CL,Maestranza Jiménez Ltda,,Valparaíso,7739260,RM,MAESTRANZA,Calle Luisa Martínez 309,+56 2 2124 2869,,20230101,SAP_MIG,0001,S,,,72199028-5
100,0000050133,CL,Servicios Mondaca Ltda,,Copiapó,4137970,CO,SERVICIOS ,Calle Eduardo Morales 929 Piso 82,+56 9 3436 6210,,20230101,SAP_MIG,0001,S,,,66871415-3
100,0000050134,CL,Ingeniería Bustos Ltda,,Calama,8629120,BI,INGENIERÍA,Eliana Martinez 811 Of. 929,+56 800 786 508,,20230101,SAP_MIG,0001,S,,,71176064-1
100,0000050135,CL,Tecnologías Araya Ltda,,Calama,7659910,ML,TECNOLOGÍA,Calle Luciano Trujillo 5986 Dpto. 0,+56 72 333 5651,,20230101,SAP_MIG,0001,S,,,62854097-3
100,0000050136,CL,Servicios Gallardo Ltda,,Valparaíso,9448690,CO,SERVICIOS ,Margarita Zapata 96 Of. 6725,+56 67 285 6213,,20230101,SAP_MIG,0001,S,,,85207784-9
100,0000050137,CL,Maestranza Santibáñez Ltda,,Calama,2138650,AN,MAESTRANZA,Calle Hugo Robles 77,+56 2 2114 3519,,20230101,SAP_MIG,0001,S,,,69880763-3
100,0000050138,CL,Maestranza Valencia Ltda,,Copiapó,6984900,AT,MAESTRANZA,Los Lirios 1843,+56 9 5392 0530,,20230101,SAP_MIG,0001,S,,,50949480-8
100,0000050139,CL,Transportes Pérez Ltda,,Antofagasta,4656690,CO,TRANSPORTE,José Retamal 58,+56 800 854 393,,20230101,SAP_MIG,0001,S,,,53659179-8
100,0000050140,CL,Maestranza Quinteros Ltda,,Calama,9042680,BI,MAESTRANZA,Juan Álvarez 58,+56 9 6876 9735,,20230101,SAP_MIG,0001,S,,,92806707-7
100,0000050141,CL,Ingeniería Zapata Ltda,,Antofagasta,9071410,ML,INGENIERÍA,Avenida Daniela Cortés 9 Of. 4042,+56 73 365 1827,,20230101,SAP_MIG,0001,S,,,88524797-4
100,0000050142,CL,Servicios Rivera Ltda,,Santiago,9423730,RM,SERVICIOS ,Av. Javiera Fuentes 2952,+56 2 2817 9080,,20230101,SAP_MIG,0001,S,,,72864388-2
100,0000050143,CL,Ingeniería Miranda Ltda,,Santiago,5794720,CO,INGENIERÍA,Eliodoro Yáñez 1678 Of. 3562,+56 800 250 036,,20230101,SAP_MIG,0001,S,,,57656258-1
100,0000050144,CL,Servicios García Ltda,,Antofagasta,9428430,RM,SERVICIOS ,Las Hortensias 4276 Piso 75,+56 61 222 9293,,20230101,SAP_MIG,0001,S,,,88723234-K
100,0000050145,CL,Ingeniería Moraga Ltda,,Calama,3866320,AT,INGENIERÍA,Las Mosquetas 9672,+56 9 7774 4890,,20230101,SAP_MIG,0001,S,,,87771525-4
100,0000050146,CL,Ingeniería Soto Ltda,,Antofagasta,2034710,AT,INGENIERÍA,Manuel Rodríguez 684 Dpto. 461,+56 55 275 8771,,20230101,SAP_MIG,0001,S,,,87451647-6
100,0000050147,CL,Tecnologías Cabrera Ltda,,Valparaíso,7225690,VA,TECNOLOGÍA,Calle José Victorino Lastarria 7449,+56 58 352 2023,,20230101,SAP_MIG,0001,S,,,65145607-8
100,0000050148,CL,Servicios Arredondo Ltda,,Santiago,1326110,RM,SERVICIOS ,Las Azucenas 2681,+56 71 242 1643,,20230101,SAP_MIG,0001,S,,,69955030-9
100,0000050149,CL,Servicios Urrutia Ltda,,Valparaíso,7228200,CO,SERVICIOS ,Los Alerces 5778,+56 9 9728 2997,,20230101,SAP_MIG,0001,S,,,91676438-0
100,0000050150,CL,Tecnologías Bustos Ltda,,Antofagasta,8457830,BI,TECNOLOGÍA,Los Robles 542,+56 2 2908 2547,,20230101,SAP_MIG,0001,S,,,63944410-K
100,0000050151,CL,Transportes González Ltda,,Antofagasta,7740640,CO,TRANSPORTE,Calle Esmeralda 76,+56 2 3726 6341,,20230101,SAP_MIG,0001,S,,,60539923-3
100,0000050152,CL,Transportes Méndez Ltda,,Antofagasta,8944840,VA,TRANSPORTE,Av. Patricia Álvarez 597 Of. 4971,+56 2 3508 0214,,20230101,SAP_MIG,0001,S,,,60504726-0
100,0000050153,CL,Servicios Silva Ltda,,Valparaíso,7031200,RM,SERVICIOS ,Calle Fernanda Véliz 8 Of. 205,+56 2 2446 1872,,20230101,SAP_MIG,0001,S,,,81535292-4
100,0000050154,CL,Ingeniería Elgueta Ltda,,Copiapó,4601360,AT,INGENIERÍA,Avda. María Henríquez 48 Piso 66,+56 2 3508 8147,,20230101,SAP_MIG,0001,S,,,97443002-4
100,0000050155,CL,Servicios Fuentes Ltda,,Calama,0313650,AN,SERVICIOS ,Avda. Guillermo Campos 3097,+56 34 263 2719,,20230101,SAP_MIG,0001,S,,,67753960-K
100,0000050156,CL,Tecnologías Letelier Ltda,,Calama,0052810,BI,TECNOLOGÍA,Los Palmitos 4857,+56 2 2865 2407,,20230101,SAP_MIG,0001,S,,,78530593-1
100,0000050157,CL,Tecnologías Bustamante Ltda,,Calama,8739280,AT,TECNOLOGÍA,Caupolicán 2982 Of. 5279,+56 61 260 8620,,20230101,SAP_MIG,0001,S,,,67826293-2
100,0000050158,CL,Ingeniería Carrillo Ltda,,Calama,3518630,AN,INGENIERÍA,Carlos Fernández 251 Of. 310,+56 2 2731 7310,,20230101,SAP_MIG,0001,S,,,70643479-9
100,0000050159,CL,Tecnologías Correa Ltda,,Santiago,8994050,CO,TECNOLOGÍA,Yolanda González 27,+56 72 310 5865,,20230101,SAP_MIG,0001,S,,,58345232-7
100,0000050160,CL,Maestranza Beltrán Ltda,,Santiago,4801410,BI,MAESTRANZA,Juan Valencia 933,+56 600 292 886,,20230101,SAP_MIG,0001,S,,,68270132-8
100,0000050161,CL,Tecnologías Gaete Ltda,,Santiago,9576120,RM,TECNOLOGÍA,Daniel Núñez 6975,+56 9 7956 6593,,20230101,SAP_MIG,0001,S,,,55398361-9
100,0000050162,CL,Ingeniería Castillo Ltda,,Copiapó,8457760,RM,INGENIERÍA,Camino Las Rosas 540,+56 2 3935 0488,,20230101,SAP_MIG,0001,S,,,90514536-4
100,0000050163,CL,Ingeniería Donoso Ltda,,Calama,9210750,AN,INGENIERÍA,Calle Aarón Valenzuela 7419,+56 9 5215 7279,,20230101,SAP_MIG,0001,S,,,95251397-9
100,0000050164,CL,Tecnologías San Martín Ltda,,Copiapó,4096100,AN,TECNOLOGÍA,Los Alerces 113 Of. 560,+56 65 239 2583,,20230101,SAP_MIG,0001,S,,,88671280-0
100,0000050165,CL,Transportes Rojas Ltda,,Valparaíso,6799810,RM,TRANSPORTE,San Martín 1517,+56 9 8341 6862,,20230101,SAP_MIG,0001,S,,,93722061-7
100,0000050166,CL,Maestranza Jiménez Ltda,,Valparaíso,3769380,AT,MAESTRANZA,Calle Loreto García 21,+56 800 665 535,,20230101,SAP_MIG,0001,S,,,79251746-K
100,0000050167,CL,Servicios Aguilar Ltda,,Santiago,0425970,AN,SERVICIOS ,Los Laureles 43,+56 800 321 103,,20230101,SAP_MIG,0001,S,,,73351271-6
100,0000050168,CL,Maestranza Serrano Ltda,,Antofagasta,4051470,CO,MAESTRANZA,Calle Lautaro 9884 Piso 9,+56 600 369 804,,20230101,SAP_MIG,0001,S,,,60792773-5
100,0000050169,CL,Servicios Rojas Ltda,,Santiago,3940700,BI,SERVICIOS ,Salvador Allende 151,+56 72 266 3681,,20230101,SAP_MIG,0001,S,,,69341968-K
100,0000050170,CL,Servicios Escobar Ltda,,Valparaíso,9812380,ML,SERVICIOS ,Wladimir González 8845 Piso 2,+56 73 255 5438,,20230101,SAP_MIG,0001,S,,,52462702-7
100,0000050171,CL,Ingeniería Mena Ltda,,Copiapó,4608430,CO,INGENIERÍA,Los Alerces 916,+56 600 563 926,,20230101,SAP_MIG,0001,S,,,71694536-1
100,0000050172,CL,Servicios Oyarce Ltda,,Valparaíso,5782320,ML,SERVICIOS ,Calle Ramón Bustos 6292,+56 2 2188 1252,,20230101,SAP_MIG,0001,S,,,50077246-K
100,0000050173,CL,Tecnologías Gaete Ltda,,Santiago,6647420,RM,TECNOLOGÍA,Calle Alonso de Ribera 493,+56 2 3805 1728,,20230101,SAP_MIG,0001,S,,,53637574-3
100,0000050174,CL,Tecnologías Villegas Ltda,,Valparaíso,5267720,CO,TECNOLOGÍA,Calle Isabel Labra 46,+56 600 831 279,,20230101,SAP_MIG,0001,S,,,83453305-K
100,0000050175,CL,Servicios Barría Ltda,,Antofagasta,7366090,ML,SERVICIOS ,Gabriela Mistral 99 Of. 2088,+56 2 2738 8608,,20230101,SAP_MIG,0001,S,,,63660562-4
100,0000050176,CL,Tecnologías Lagos Ltda,,Copiapó,0347640,AT,TECNOLOGÍA,Los Abedules 990 Dpto. 77,+56 2 3898 2665,,20230101,SAP_MIG,0001,S,,,79401473-7
100,0000050177,CL,Ingeniería González Ltda,,Valparaíso,7937140,AN,INGENIERÍA,Avda. Luis Contreras 951 Of. 3689,+56 33 332 5922,,20230101,SAP_MIG,0001,S,,,66058980-2
100,0000050178,CL,Maestranza Torres Ltda,,Antofagasta,0644740,VA,MAESTRANZA,Av. Diego Portales 840,+56 63 348 0973,,20230101,SAP_MIG,0001,S,,,87060964-6
100,0000050179,CL,Ingeniería Quezada Ltda,,Antofagasta,7767190,AT,INGENIERÍA,Av. Margarita Troncoso 13,+56 2 3520 5020,,20230101,SAP_MIG,0001,S,,,80967243-1
100,0000050180,CL,Transportes Carrasco Ltda,,Copiapó,1016220,RM,TRANSPORTE,Ignacia Cruz 882 Of. 195,+56 53 225 6168,,20230101,SAP_MIG,0001,S,,,84149822-4
100,0000050181,CL,Servicios Álvarez Ltda,,Santiago,2145860,ML,SERVICIOS ,Avenida Ana Barraza 517,+56 71 365 4899,,20230101,SAP_MIG,0001,S,,,81690133-3
100,0000050182,CL,Servicios Bernal Ltda,,Calama,9978770,VA,SERVICIOS ,Constanza Álvarez 2107,+56 600 696 605,,20230101,SAP_MIG,0001,S,,,75742021-3
100,0000050183,CL,Tecnologías Toro Ltda,,Calama,3034410,VA,TECNOLOGÍA,Calle Los Pinos 61 Piso 6,+56 2 3335 5770,,20230101,SAP_MIG,0001,S,,,54684875-4
100,0000050184,CL,Servicios Jiménez Ltda,,Valparaíso,7857600,CO,SERVICIOS ,Flor Cortés 639 Piso 1,+56 32 275 6829,,20230101,SAP_MIG,0001,S,,,67929653-0
100,0000050185,CL,Maestranza Flores Ltda,,Copiapó,1450460,BI,MAESTRANZA,Los Palmitos 943,+56 42 281 5031,,20230101,SAP_MIG,0001,S,,,89388723-9
100,0000050186,CL,Servicios Yáñez Ltda,,Calama,7823570,ML,SERVICIOS ,Esmeralda 38 Dpto. 907,+56 2 2140 9157,,20230101,SAP_MIG,0001,S,,,79967288-8
100,0000050187,CL,Servicios Rodríguez Ltda,,Copiapó,4094350,CO,SERVICIOS ,Calle Nancy Caro 342,+56 35 240 9881,,20230101,SAP_MIG,0001,S,,,87038550-8
100,0000050188,CL,Servicios Sanhueza Ltda,,Copiapó,8542490,RM,SERVICIOS ,Calle Marco Jara 820,+56 600 716 016,,20230101,SAP_MIG,0001,S,,,62660246-3
100,0000050189,CL,Tecnologías Torres Ltda,,Calama,9979540,RM,TECNOLOGÍA,Avda. Edith Palma 8 Of. 821,+56 52 357 7332,,20230101,SAP_MIG,0001,S,,,77566650-0
100,0000050190,CL,Maestranza Bugueño Ltda,,Santiago,6255770,BI,MAESTRANZA,Calle Juan Mackenna 624,+56 9 4281 6158,,20230101,SAP_MIG,0001,S,,,97327041-6
100,0000050191,CL,Servicios Cabezas Ltda,,Calama,8769630,BI,SERVICIOS ,Carlos Escobar 7396,+56 9 7283 2197,,20230101,SAP_MIG,0001,S,,,83240942-0
100,0000050192,CL,Transportes Farías Ltda,,Valparaíso,7581720,VA,TRANSPORTE,Antonio Varas 696 Piso 0,+56 2 3929 0227,,20230101,SAP_MIG,0001,S,,,72279787-1
100,0000050193,CL,Servicios Álvarez Ltda,,Valparaíso,9973350,AN,SERVICIOS ,Ivonne Ávila 66 Dpto. 3190,+56 65 250 0851,,20230101,SAP_MIG,0001,S,,,80663924-0
100,0000050194,CL,Transportes Seguel Ltda,,Calama,3696560,RM,TRANSPORTE,Manuel José Irarrázaval 472 Of. 765,+56 73 232 2010,,20230101,SAP_MIG,0001,S,,,55021638-7
100,0000050195,CL,Maestranza Moraga Ltda,,Valparaíso,7621260,CO,MAESTRANZA,Gilda Marín 868 Piso 5,+56 2 3969 0973,,20230101,SAP_MIG,0001,S,,,96486618-6
100,0000050196,CL,Ingeniería Sánchez Ltda,,Copiapó,8950090,ML,INGENIERÍA,Arturo Prat 912 Piso 7,+56 9 3137 1894,,20230101,SAP_MIG,0001,S,,,95255365-8
100,0000050197,CL,Servicios Órdenes Ltda,,Santiago,8077870,CO,SERVICIOS ,Juan Mackenna 5094 Dpto. 79,+56 800 390 471,,20230101,SAP_MIG,0001,S,,,86306970-0
100,0000050198,CL,Tecnologías Yáñez Ltda,,Calama,4429440,AN,TECNOLOGÍA,Avda. Las Rosas 82 Piso 42,+56 42 338 0512,,20230101,SAP_MIG,0001,S,,,92356498-K
100,0000050199,CL,Maestranza Cortez Ltda,,Antofagasta,6637230,AT,MAESTRANZA,Avenida Lautaro 8276 Piso 7,+56 73 376 7428,,20230101,SAP_MIG,0001,S,,,79123332-1
100,0000050200,CL,Ingeniería González Ltda,,Calama,7658010,RM,INGENIERÍA,Ramón Carnicer 7414 Piso 3,+56 9 7125 8001,,20230101,SAP_MIG,0001,S,,,96573629-4
100,0000050201,CL,Ingeniería Salazar Ltda,,Copiapó,8175340,AN,INGENIERÍA,Calle Valeria Rojas 239 Of. 3113,+56 2 2524 4717,,20230101,SAP_MIG,0001,S,,,53766097-4
100,0000050202,CL,Maestranza Manríquez Ltda,,Santiago,5421400,CO,MAESTRANZA,José Victorino Lastarria 2427 Piso ,+56 800 212 863,,20230101,SAP_MIG,0001,S,,,59769023-3
100,0000050203,CL,Tecnologías Rosas Ltda,,Valparaíso,4101190,RM,TECNOLOGÍA,Los Cactus 12 Dpto. 764,+56 9 2987 7661,,20230101,SAP_MIG,0001,S,,,95754848-2
100,0000050204,CL,Transportes Araya Ltda,,Antofagasta,6719850,AT,TRANSPORTE,Calle Las Margaritas 2 Piso 28,+56 52 343 2806,,20230101,SAP_MIG,0001,S,,,90902301-6
100,0000050205,CL,Tecnologías Gómez Ltda,,Calama,6157170,BI,TECNOLOGÍA,Calle José Corvalán 5618,+56 65 367 0050,,20230101,SAP_MIG,0001,S,,,83397883-9
100,0000050206,CL,Transportes Zamora Ltda,,Santiago,0613870,AT,TRANSPORTE,Constanza Díaz 17,+56 71 310 3202,,20230101,SAP_MIG,0001,S,,,92809055-4
100,0000050207,CL,Servicios Domínguez Ltda,,Antofagasta,1792910,CO,SERVICIOS ,Calle Ramón Carnicer 7365,+56 35 219 8253,,20230101,SAP_MIG,0001,S,,,81222617-4
100,0000050208,CL,Tecnologías Aguilar Ltda,,Antofagasta,5114260,AT,TECNOLOGÍA,Las Rosas 390,+56 2 2196 2071,,20230101,SAP_MIG,0001,S,,,79643983-5
100,0000050209,CL,Tecnologías González Ltda,,Santiago,1946720,CO,TECNOLOGÍA,Avenida Roberto Zúñiga 19,+56 9 4179 1456,,20230101,SAP_MIG,0001,S,,,96326155-4
100,0000050210,CL,Servicios Bustamante Ltda,,Copiapó,3181950,ML,SERVICIOS ,Las Araucarias 134,+56 2 3112 7722,,20230101,SAP_MIG,0001,S,,,63369226-6
100,0000050211,CL,Servicios Rojas Ltda,,Calama,5436450,AN,SERVICIOS ,Calle Arturo Prat 820 Of. 4116,+56 43 325 3153,,20230101,SAP_MIG,0001,S,,,75592924-9
100,0000050212,CL,Maestranza Reyes Ltda,,Copiapó,6363170,VA,MAESTRANZA,Av. Esmeralda 37 Piso 5,+56 44 333 5435,,20230101,SAP_MIG,0001,S,,,96927824-4
100,0000050213,CL,Ingeniería Muñoz Ltda,,Santiago,9042170,ML,INGENIERÍA,Colo Colo 3492 Of. 2839,+56 43 379 7740,,20230101,SAP_MIG,0001,S,,,68420066-0
100,0000050214,CL,Tecnologías Mansilla Ltda,,Antofagasta,3356930,ML,TECNOLOGÍA,Francesca Olivares 7780,+56 9 8971 7731,,20230101,SAP_MIG,0001,S,,,90695250-7
100,0000050215,CL,Maestranza Cid Ltda,,Calama,6325430,ML,MAESTRANZA,Calle Manuel Rodríguez 19,+56 61 312 6257,,20230101,SAP_MIG,0001,S,,,90739442-5
100,0000050216,CL,Transportes Duarte Ltda,,Calama,1658040,BI,TRANSPORTE,Avenida Las Hortensias 631 Of. 608,+56 2 2665 7905,,20230101,SAP_MIG,0001,S,,,91667300-4
100,0000050217,CL,Transportes Torres Ltda,,Antofagasta,8183250,BI,TRANSPORTE,Luis Aravena 49,+56 600 555 486,,20230101,SAP_MIG,0001,S,,,92108000-K
100,0000050218,CL,Ingeniería Rojas Ltda,,Santiago,5577880,CO,INGENIERÍA,Las Manzanillas 884,+56 9 7313 7116,,20230101,SAP_MIG,0001,S,,,52239055-9
100,0000050219,CL,Maestranza Fernández Ltda,,Calama,1124120,BI,MAESTRANZA,Av. Roberto Méndez 6827 Piso 7,+56 43 271 0385,,20230101,SAP_MIG,0001,S,,,56048748-4
100,0000050220,CL,Maestranza Acuña Ltda,,Santiago,5798870,BI,MAESTRANZA,Calle Las Mosquetas 6437 Piso 0,+56 52 257 2928,,20230101,SAP_MIG,0001,S,,,61787005-3
100,0000050221,CL,Transportes Flores Ltda,,Valparaíso,2223100,ML,TRANSPORTE,Rosa Vargas 6805 Dpto. 257,+56 2 2167 2752,,20230101,SAP_MIG,0001,S,,,74552283-8
100,0000050222,CL,Tecnologías Veloso Ltda,,Calama,8854740,CO,TECNOLOGÍA,Myriam Villagrán 3170,+56 600 840 693,,20230101,SAP_MIG,0001,S,,,67244970-7
100,0000050223,CL,Maestranza Figueroa Ltda,,Copiapó,5093980,BI,MAESTRANZA,Calle Los Piñones 971,+56 43 317 5998,,20230101,SAP_MIG,0001,S,,,57728908-7
100,0000050224,CL,Ingeniería Urzúa Ltda,,Calama,5626560,AT,INGENIERÍA,Calle Gabriela Mistral 9 Dpto. 8337,+56 800 362 991,,20230101,SAP_MIG,0001,S,,,95387316-K
100,0000050225,CL,Servicios Castillo Ltda,,Valparaíso,7851960,ML,SERVICIOS ,Calle Los Alerces 387,+56 2 3526 4870,,20230101,SAP_MIG,0001,S,,,74546748-1
100,0000050226,CL,Servicios Urra Ltda,,Copiapó,4787300,AN,SERVICIOS ,Calle Frank Urra 346,+56 75 323 0147,,20230101,SAP_MIG,0001,S,,,86008758-1
100,0000050227,CL,Servicios Arriagada Ltda,,Copiapó,5979640,CO,SERVICIOS ,Calle Pedro de Valdivia 12 Dpto. 35,+56 2 2545 6504,,20230101,SAP_MIG,0001,S,,,89229163-6
100,0000050228,CL,Maestranza Carvajal Ltda,,Calama,1832190,AN,MAESTRANZA,Benjamín Cortés 54,+56 800 118 952,,20230101,SAP_MIG,0001,S,,,81640277-0
100,0000050229,CL,Tecnologías López Ltda,,Copiapó,4576520,VA,TECNOLOGÍA,Calle Daniela Flores 99,+56 9 3867 1120,,20230101,SAP_MIG,0001,S,,,90941923-3
100,0000050230,CL,Ingeniería Vergara Ltda,,Santiago,5279850,BI,INGENIERÍA,Calle Las Malvas 5223,+56 2 3132 1611,,20230101,SAP_MIG,0001,S,,,97048492-4
100,0000050231,CL,Servicios Suárez Ltda,,Calama,6031080,AN,SERVICIOS ,Los Helechos 20,+56 73 240 1193,,20230101,SAP_MIG,0001,S,,,53043172-0
100,0000050232,CL,Maestranza Flores Ltda,,Antofagasta,5012490,RM,MAESTRANZA,Esmeralda 993 Of. 111,+56 600 442 801,,20230101,SAP_MIG,0001,S,,,56522444-3
100,0000050233,CL,Tecnologías Gamboa Ltda,,Santiago,7592710,AT,TECNOLOGÍA,Los Copihues 783,+56 2 2851 7182,,20230101,SAP_MIG,0001,S,,,80443517-5
100,0000050234,CL,Tecnologías Solís Ltda,,Valparaíso,4801570,RM,TECNOLOGÍA,San Martín 447,+56 9 8346 3175,,20230101,SAP_MIG,0001,S,,,99812830-2
100,0000050235,CL,Servicios González Ltda,,Antofagasta,7167810,BI,SERVICIOS ,Calle Leonardo Sobarzo 22,+56 43 245 3961,,20230101,SAP_MIG,0001,S,,,82839523-9
100,0000050236,CL,Servicios Santana Ltda,,Antofagasta,7499460,CO,SERVICIOS ,Las Maravillas 967 Piso 22,+56 2 2247 7320,,20230101,SAP_MIG,0001,S,,,96323951-5
100,0000050237,CL,Transportes Urrutia Ltda,,Santiago,1702690,RM,TRANSPORTE,Calle Maximiliano Cisternas 887 Dpt,+56 65 278 0061,,20230101,SAP_MIG,0001,S,,,65845250-5
100,0000050238,CL,Ingeniería Peña Ltda,,Copiapó,6770020,BI,INGENIERÍA,Calle Luis Pavez 819 Of. 8889,+56 2 3780 6479,,20230101,SAP_MIG,0001,S,,,86538485-K
100,0000050239,CL,Maestranza Durán Ltda,,Santiago,5450090,AN,MAESTRANZA,Av. Diego Andrade 7561,+56 55 246 5033,,20230101,SAP_MIG,0001,S,,,68514090-3
100,0000050240,CL,Ingeniería Pacheco Ltda,,Santiago,9114150,ML,INGENIERÍA,Calle Arturo Prat 969,+56 51 370 7905,,20230101,SAP_MIG,0001,S,,,56152099-K
100,0000050241,CL,Transportes Donoso Ltda,,Valparaíso,5917130,BI,TRANSPORTE,Los Girasoles 35 Of. 745,+56 72 311 8344,,20230101,SAP_MIG,0001,S,,,51433274-0
100,0000050242,CL,Maestranza Gómez Ltda,,Calama,9639190,AT,MAESTRANZA,Isidora Díaz 77,+56 2 3951 4846,,20230101,SAP_MIG,0001,S,,,87888186-3
100,0000050243,CL,Ingeniería Herrera Ltda,,Valparaíso,6649870,ML,INGENIERÍA,Avenida Los Aromos 5737,+56 800 890 835,,20230101,SAP_MIG,0001,S,,,63902095-9
100,0000050244,CL,Transportes Sepúlveda Ltda,,Calama,2466510,ML,TRANSPORTE,Bilbao 449,+56 45 351 2303,,20230101,SAP_MIG,0001,S,,,72049258-2
100,0000050245,CL,Tecnologías Cáceres Ltda,,Copiapó,8660320,AN,TECNOLOGÍA,Calle Ernesto Vásquez 107 Dpto. 261,+56 600 962 319,,20230101,SAP_MIG,0001,S,,,59709845-2
100,0000050246,CL,Tecnologías Mejías Ltda,,Calama,8984710,CO,TECNOLOGÍA,Rosa Ibáñez 7963,+56 2 3721 2347,,20230101,SAP_MIG,0001,S,,,57377032-K
100,0000050247,CL,Ingeniería Castro Ltda,,Antofagasta,9078510,AT,INGENIERÍA,Pablo Guerra 3 Piso 57,+56 2 2790 0348,,20230101,SAP_MIG,0001,S,,,74041232-3
100,0000050248,CL,Tecnologías Herrera Ltda,,Antofagasta,5183760,CO,TECNOLOGÍA,Eusebio Lillo 3343,+56 72 385 6041,,20230101,SAP_MIG,0001,S,,,61693464-4
100,0000050249,CL,Ingeniería Pizarro Ltda,,Santiago,6561240,AT,INGENIERÍA,Gabriela Mistral 68,+56 75 310 0272,,20230101,SAP_MIG,0001,S,,,85305002-1
100,0000050250,CL,Ingeniería Ortiz Ltda,,Santiago,4591120,RM,INGENIERÍA,Rafael Fuentealba 729,+56 61 267 2429,,20230101,SAP_MIG,0001,S,,,74296024-8
100,0000050251,CL,Tecnologías Véliz Ltda,,Santiago,3165260,AN,TECNOLOGÍA,Daniela Páez 49 Dpto. 373,+56 71 366 9421,,20230101,SAP_MIG,0001,S,,,83812042-3
100,0000050252,CL,Tecnologías Hernández Ltda,,Valparaíso,9108670,AN,TECNOLOGÍA,Calle Domingo Santa María 54 Of. 37,+56 9 5143 6262,,20230101,SAP_MIG,0001,S,,,70242068-7
100,0000050253,CL,Ingeniería Álvarez Ltda,,Santiago,4397350,AN,INGENIERÍA,Calle Camilo Henríquez 7 Of. 7362,+56 2 2680 0537,,20230101,SAP_MIG,0001,S,,,76952077-6
100,0000050254,CL,Ingeniería Morán Ltda,,Santiago,9004890,RM,INGENIERÍA,Psje. Las Maravillas 380 Piso 62,+56 41 351 5862,,20230101,SAP_MIG,0001,S,,,54931878-1
100,0000050255,CL,Maestranza Contreras Ltda,,Calama,0274560,VA,MAESTRANZA,Avenida Las Araucarias 68 Piso 82,+56 2 3487 0320,,20230101,SAP_MIG,0001,S,,,54407860-2
100,0000050256,CL,Maestranza Flores Ltda,,Valparaíso,7427610,VA,MAESTRANZA,Calle Los Copihues 277 Of. 621,+56 2 3442 2849,,20230101,SAP_MIG,0001,S,,,86799577-5
100,0000050257,CL,Servicios Acevedo Ltda,,Valparaíso,0892610,VA,SERVICIOS ,Las Maravillas 2504,+56 55 329 1520,,20230101,SAP_MIG,0001,S,,,69790252-7
100,0000050258,CL,Tecnologías Henríquez Ltda,,Santiago,7749050,VA,TECNOLOGÍA,Caroline García 39,+56 2 3704 5018,,20230101,SAP_MIG,0001,S,,,56655753-1
100,0000050259,CL,Tecnologías Soto Ltda,,Calama,4236100,BI,TECNOLOGÍA,Calle Daniel Pacheco 3,+56 2 2647 6492,,20230101,SAP_MIG,0001,S,,,78861505-7
100,0000050260,CL,Transportes Barrera Ltda,,Copiapó,5837760,RM,TRANSPORTE,Calle Los Digitales 3659 Piso 6,+56 2 2985 7327,,20230101,SAP_MIG,0001,S,,,80433796-6
100,0000050261,CL,Servicios Troncoso Ltda,,Antofagasta,8147610,BI,SERVICIOS ,Calle Los Higos 943 Piso 4,+56 9 3208 1866,,20230101,SAP_MIG,0001,S,,,70974764-6
100,0000050262,CL,Maestranza Cáceres Ltda,,Copiapó,9454910,BI,MAESTRANZA,Avda. Manuel Rodríguez 16,+56 2 2564 5977,,20230101,SAP_MIG,0001,S,,,75118916-2
100,0000050263,CL,Servicios Jara Ltda,,Antofagasta,2321940,AN,SERVICIOS ,Paula Jaraquemada 8102,+56 75 366 9749,,20230101,SAP_MIG,0001,S,,,55728705-1
100,0000050264,CL,Servicios Gajardo Ltda,,Copiapó,6412200,AN,SERVICIOS ,Av. Diego Portales 9236,+56 2 3114 7276,,20230101,SAP_MIG,0001,S,,,58731900-8
100,0000050265,CL,Ingeniería Contreras Ltda,,Valparaíso,2777070,VA,INGENIERÍA,Calle Carol Sandoval 8166,+56 800 807 678,,20230101,SAP_MIG,0001,S,,,87693933-5
100,0000050266,CL,Ingeniería Reyes Ltda,,Copiapó,0806950,RM,INGENIERÍA,Av. Los Digitales 81,+56 9 7876 0243,,20230101,SAP_MIG,0001,S,,,94650246-6
100,0000050267,CL,Ingeniería Jara Ltda,,Valparaíso,3839590,CO,INGENIERÍA,Av. Alex Sandoval 357 Of. 2343,+56 2 3832 9716,,20230101,SAP_MIG,0001,S,,,70968090-5
100,0000050268,CL,Ingeniería Tapia Ltda,,Valparaíso,3800540,VA,INGENIERÍA,Calle Christopher Yáñez 75 Dpto. 93,+56 51 335 5084,,20230101,SAP_MIG,0001,S,,,64276659-2
100,0000050269,CL,Servicios Padilla Ltda,,Antofagasta,8910770,AT,SERVICIOS ,Avda. Ramón Carnicer 90,+56 2 2821 3524,,20230101,SAP_MIG,0001,S,,,73495752-8
100,0000050270,CL,Maestranza Vallejos Ltda,,Copiapó,7125520,AN,MAESTRANZA,Calle Pamela Manríquez 9754,+56 2 3314 5653,,20230101,SAP_MIG,0001,S,,,88527199-3
100,0000050271,CL,Servicios Cid Ltda,,Valparaíso,8632660,ML,SERVICIOS ,Las Mosquetas 850 Dpto. 08,+56 53 216 2606,,20230101,SAP_MIG,0001,S,,,91723178-9
100,0000050272,CL,Tecnologías Villalobos Ltda,,Valparaíso,2908460,AN,TECNOLOGÍA,Edgardo Moraga 9504 Of. 826,+56 9 9956 3410,,20230101,SAP_MIG,0001,S,,,94146306-4
100,0000050273,CL,Ingeniería Núñez Ltda,,Copiapó,2884310,AT,INGENIERÍA,Miguel Inostroza 4894 Piso 6,+56 600 154 851,,20230101,SAP_MIG,0001,S,,,97157316-4
100,0000050274,CL,Maestranza Riveros Ltda,,Antofagasta,1749070,CO,MAESTRANZA,Av. Soraya Poblete 48 Piso 34,+56 800 483 158,,20230101,SAP_MIG,0001,S,,,62173920-2
100,0000050275,CL,Tecnologías Beltrán Ltda,,Santiago,5712660,BI,TECNOLOGÍA,Calle Camilo Henríquez 7158,+56 9 8749 7677,,20230101,SAP_MIG,0001,S,,,54669798-2
100,0000050276,CL,Ingeniería Oyarzo Ltda,,Valparaíso,2827720,AN,INGENIERÍA,Calle María Martínez 719,+56 2 2315 9408,,20230101,SAP_MIG,0001,S,,,64437323-6
100,0000050277,CL,Servicios Contreras Ltda,,Copiapó,4544700,RM,SERVICIOS ,Avda. Pablo Bello 8432,+56 2 2818 5106,,20230101,SAP_MIG,0001,S,,,60563557-5
100,0000050278,CL,Maestranza Velásquez Ltda,,Copiapó,9756790,BI,MAESTRANZA,Calle Vicente Peña 751,+56 45 356 5807,,20230101,SAP_MIG,0001,S,,,88090558-9
100,0000050279,CL,Ingeniería Pacheco Ltda,,Calama,2094810,AN,INGENIERÍA,Psje. Viviana Albornoz 9,+56 2 3178 0182,,20230101,SAP_MIG,0001,S,,,60563599-9
100,0000050280,CL,Ingeniería Vásquez Ltda,,Antofagasta,3397180,BI,INGENIERÍA,Pedro Montt 705 Dpto. 7260,+56 2 2518 2422,,20230101,SAP_MIG,0001,S,,,68260512-7
100,0000050281,CL,Servicios Manríquez Ltda,,Valparaíso,2462090,RM,SERVICIOS ,Calle Juan Sandoval 7654 Dpto. 03,+56 64 368 6140,,20230101,SAP_MIG,0001,S,,,79665083-6
100,0000050282,CL,Maestranza Cáceres Ltda,,Valparaíso,6170630,AT,MAESTRANZA,Calle Las Lilas 338,+56 67 236 7183,,20230101,SAP_MIG,0001,S,,,57638163-5
100,0000050283,CL,Servicios Miranda Ltda,,Copiapó,2386870,AN,SERVICIOS ,Av. Los Copihues 120,+56 51 399 4653,,20230101,SAP_MIG,0001,S,,,95514432-K
100,0000050284,CL,Tecnologías Vásquez Ltda,,Valparaíso,2891410,RM,TECNOLOGÍA,Av. Pedro Aguirre Cerda 93 Piso 85,+56 45 265 5379,,20230101,SAP_MIG,0001,S,,,94770508-4
100,0000050285,CL,Ingeniería González Ltda,,Santiago,2097000,AT,INGENIERÍA,Pedro Aguirre Cerda 28,+56 600 780 715,,20230101,SAP_MIG,0001,S,,,90220017-0
100,0000050286,CL,Ingeniería Tobar Ltda,,Copiapó,5620170,AT,INGENIERÍA,Calle Daniela González 5531 Of. 833,+56 63 229 3036,,20230101,SAP_MIG,0001,S,,,64175672-2
100,0000050287,CL,Maestranza Leyton Ltda,,Copiapó,9872830,CO,MAESTRANZA,Calle Antonio Varas 5938,+56 2 3108 9487,,20230101,SAP_MIG,0001,S,,,58052013-0
100,0000050288,CL,Servicios Pinilla Ltda,,Santiago,0566410,BI,SERVICIOS ,Los Coihues 103 Piso 66,+56 2 2463 5190,,20230101,SAP_MIG,0001,S,,,61790678-2
100,0000050289,CL,Servicios Videla Ltda,,Calama,6133250,VA,SERVICIOS ,Avenida Benjamín Vicuña Mackenna 60,+56 45 325 0583,,20230101,SAP_MIG,0001,S,,,83572037-8
100,0000050290,CL,Maestranza Carrillo Ltda,,Santiago,9717910,AN,MAESTRANZA,Pasaje Gabriela Mistral 31,+56 2 2270 4961,,20230101,SAP_MIG,0001,S,,,99797550-0
100,0000050291,CL,Servicios Concha Ltda,,Santiago,8046610,AN,SERVICIOS ,Av. Rosario Marín 276 Piso 90,+56 67 223 1109,,20230101,SAP_MIG,0001,S,,,55225271-5
100,0000050292,CL,Tecnologías Aguilar Ltda,,Valparaíso,3928450,RM,TECNOLOGÍA,Las Mandarinas 323 Dpto. 7502,+56 9 4627 4954,,20230101,SAP_MIG,0001,S,,,77140360-K
100,0000050293,CL,Servicios Veloso Ltda,,Antofagasta,8920380,CO,SERVICIOS ,Juan Mackenna 4,+56 2 2653 7795,,20230101,SAP_MIG,0001,S,,,77181258-0
100,0000050294,CL,Maestranza Durán Ltda,,Valparaíso,6521700,AT,MAESTRANZA,Pasaje Ingrid Uribe 833 Of. 4563,+56 2 2250 1508,,20230101,SAP_MIG,0001,S,,,80876580-5
100,0000050295,CL,Ingeniería Morales Ltda,,Antofagasta,7395000,RM,INGENIERÍA,Calle Sofía Vargas 4832,+56 2 2224 1026,,20230101,SAP_MIG,0001,S,,,66328692-6
100,0000050296,CL,Tecnologías Núñez Ltda,,Valparaíso,3473550,RM,TECNOLOGÍA,Bernabé Saldaña 21,+56 2 3623 3865,,20230101,SAP_MIG,0001,S,,,55277916-6
100,0000050297,CL,Maestranza Arriagada Ltda,,Copiapó,3099380,BI,MAESTRANZA,Calle José Santander 88 Dpto. 17,+56 9 8685 7872,,20230101,SAP_MIG,0001,S,,,64869449-5
100,0000050298,CL,Transportes Villegas Ltda,,Valparaíso,8777490,AN,TRANSPORTE,Lidia Castillo 47 Piso 73,+56 67 332 5481,,20230101,SAP_MIG,0001,S,,,92494988-1
100,0000050299,CL,Tecnologías Leal Ltda,,Calama,4785390,VA,TECNOLOGÍA,Los Girasoles 867,+56 58 315 7546,,20230101,SAP_MIG,0001,S,,,73446177-5
